"date","case.truth.sce1","case.sce1","death.sce1","mob.sce1","relR0.sce1","wt.suscept.sce1","wt.Rtx.sce1","newitot.sce1","Etot.sce1","Itot.sce1","S1.sce1","S2.sce1","newItot1.sce1","newItot2.sce1","E1.sce1","E2.sce1","I1.sce1","I2.sce1","case.truth.sce2","case.sce2","death.sce2","mob.sce2","relR0.sce2","wt.suscept.sce2","wt.Rtx.sce2","newitot.sce2","Etot.sce2","Itot.sce2","S1.sce2","S2.sce2","newItot1.sce2","newItot2.sce2","E1.sce2","E2.sce2","I1.sce2","I2.sce2","case.truth.sce3","case.sce3","death.sce3","mob.sce3","relR0.sce3","wt.suscept.sce3","wt.Rtx.sce3","newitot.sce3","Etot.sce3","Itot.sce3","S1.sce3","S2.sce3","newItot1.sce3","newItot2.sce3","E1.sce3","E2.sce3","I1.sce3","I2.sce3","case.truth.sce4","case.sce4","death.sce4","mob.sce4","relR0.sce4","wt.suscept.sce4","wt.Rtx.sce4","newitot.sce4","Etot.sce4","Itot.sce4","S1.sce4","S2.sce4","newItot1.sce4","newItot2.sce4","E1.sce4","E2.sce4","I1.sce4","I2.sce4","case.truth.sce5","case.sce5","death.sce5","mob.sce5","relR0.sce5","wt.suscept.sce5","wt.Rtx.sce5","newitot.sce5","Etot.sce5","Itot.sce5","S1.sce5","S2.sce5","newItot1.sce5","newItot2.sce5","E1.sce5","E2.sce5","I1.sce5","I2.sce5"
"2020-03-01",0.304470669564579,0,0.00087661202576881,1,"sa",999986.092592593,2.275,7,5,4,999986.092592593,999998.333333333,7,0,5,0,4,0,0.309540806967981,2,0.000986360567918199,1,"sa",999986.333333333,2.275,7,5,3,999986.333333333,999990.833333333,7,0,5,0,3,0,0.299298076564904,0,0.000776870993802466,1,"sa",999986.259259259,2.275,7,6,4,999986.259259259,999998.041666667,7,0,6,0,4,0,0.301451374190484,1,0.000942729585136435,1,"sa",999986.097222222,2.275,7,6,4,999986.097222222,999994.166666667,7,0,6,0,4,0,0.401054802535661,1,0.00109058653226197,1,"uk",999979.539351852,2.275,10,9,5,999979.539351852,999982.75,10,0,9,0,5,0
"2020-03-08",1.77558401606483,4,0.0205131055106477,0.9,"sa",999967.881944444,2.275,14,10,8,999967.881944444,999994.416666667,14,0,10,0,8,0,1.73239196391566,2,0.0181253787505355,0.9,"sa",999966.333333333,2.275,14,10,7,999966.333333333,999970.666666667,14,0,10,0,7,0,1.82484582418029,2,0.0183263145602821,0.9,"sa",999967.291666667,2.275,14.5,10,7,999967.291666667,999994.708333333,14.5,0,10,0,7,0,1.86972054068761,0,0.0200007592904313,0.9,"sa",999965.09837963,2.275,16,10,8,999965.09837963,999982.583333333,16,0,10,0,8,0,3.15139170268222,5,0.027837746389199,1,"uk",999923.361111111,2.275,33.5,29.5,17.5,999923.361111111,999928.5,33.5,0,29.5,0,17.5,0
"2020-03-15",3.53668205784622,6,0.0651184768261897,0.9,"sa",999925.652777778,2.275,29,21,14.5,999925.652777778,999987,29,0,21,0,14.5,0,3.6096664885419,2,0.0616589104580732,0.9,"sa",999928.284722222,2.275,27.5,21,15,999928.284722222,999934.333333333,27.5,0,21,0,15,0,3.57706207890367,4,0.0661812609408985,0.9,"sa",999929.925925926,2.275,29.5,19,15,999929.925925926,999987.166666667,29.5,0,19,0,15,0,3.95882503850094,1,0.0721056639686578,0.9,"sa",999923.472222222,2.275,30,22,15.5,999923.472222222,999957.166666667,30,0,22,0,15.5,0,10.3934587670833,18,0.136008041093778,1,"uk",999738.694444445,2.275,116,99.5,63.5,999738.694444445,999746.333333333,116,0,99.5,0,63.5,0
"2020-03-22",7.30213074898052,5,0.154974985472688,0.879,"sa",999846.310185185,2.275,59.5,42,30,999846.310185185,999972.583333333,59.5,0,42,0,30,0,7.00465163467918,9,0.141709905164163,0.879,"sa",999856.046296296,2.275,56.5,39,29.5,999856.046296296,999861.166666666,56.5,0,39,0,29.5,0,7.03918745721611,4,0.149065051338763,0.879,"sa",999853.138888889,2.275,57,40,29,999853.138888889,999972.083333333,57,0,40,0,29,0,7.7842096313694,7,0.161594131635064,0.879,"sa",999840.268518518,2.275,62,45.5,33,999840.268518518,999906.916666667,62,0,45.5,0,33,0,32.9922880930123,30,0.457900252916919,0.91,"uk",999250.722222222,2.275,324,262,173.5,999250.722222222,999247.083333333,324,0,262,0,173.5,0
"2020-03-29",14.6181672358652,16,0.310463073951516,0.877714285714286,"sa",999683.986111111,2.275,122,85.5,64,999683.986111111,999938.75,122,0,85.5,0,64,0,14.0394554096075,10,0.30358088535866,0.877714285714286,"sa",999698.597222222,2.275,120,81,61.5,999698.597222222,999703.166666667,120,0,81,0,61.5,0,13.989753693695,10,0.291156968347242,0.877714285714286,"sa",999701.125,2.275,118,83,60,999701.125,999941.166666667,118,0,83,0,60,0,15.9375415175644,11,0.317575170123909,0.877714285714286,"sa",999651.986111111,2.275,133,92,69,999651.986111111,999797.083333333,133,0,92,0,69,0,89.7540457353915,107,1.38797632313781,0.863142857142857,"uk",998004.722222222,2.275,855.5,656.5,447.5,998004.722222222,998013.833333333,855.5,0,656.5,0,447.5,0
"2020-04-05",30.9959569327531,27,0.640379348290219,0.920571428571429,"sa",999280.395833333,2.275,278.5,213,147.5,999280.395833333,999857.166666667,278.5,0,213,0,147.5,0,30.7968590800216,28,0.596568866416023,0.920571428571429,"sa",999308.875,2.275,266.5,197.5,141.5,999308.875,999321.666666667,266.5,0,197.5,0,141.5,0,30.5613382928409,21,0.594935266972179,0.920571428571429,"sa",999298.472222222,2.275,271.5,209,142,999298.472222222,999866.5,271.5,0,209,0,142,0,34.1080533938013,37,0.655259577064637,0.920571428571429,"sa",999230.125,2.275,299.5,227,158.5,999230.125,999541.25,299.5,0,227,0,158.5,0,232.291374857703,229,3.75970025004586,0.897857142857143,"uk",994730.819444444,2.275,2237,1729,1166.5,994730.819444444,994746.833333334,2237,0,1729,0,1166.5,0
"2020-04-12",76.3202963137833,68,1.40705000754715,0.957857142857143,"sa",998201.291666667,2.275,721,554.5,379,998201.291666667,999646.666666667,721,0,554.5,0,379,0,72.3226702513388,72,1.3026509022272,0.957857142857143,"sa",998297.708333333,2.275,678,534,354.5,998297.708333333,998326.083333333,678,0,534,0,354.5,0,72.2719399870395,62,1.31293022682783,0.957857142857143,"sa",998317.833333333,2.275,670.5,515,345,998317.833333333,999675.75,670.5,0,515,0,345,0,80.405931179423,94,1.46806778304107,0.957857142857143,"sa",998096.546296296,2.275,776,586.5,405,998096.546296296,998872.833333333,776,0,586.5,0,405,0,607.374719295799,608,9.91484654980568,0.916714285714286,"uk",986082.819444444,2.275,5829.5,4576.5,3078.5,986082.819444444,986183.416666666,5829.5,0,4576.5,0,3078.5,0
"2020-04-19",194.982274487286,168,3.3519739171231,0.879428571428571,"sa",995818.527777778,2.275,1699,1262,867,995818.527777778,999163.416666667,1699,0,1262,0,867,0,184.10653983491,190,3.16126414769533,0.879428571428571,"sa",995991.958333333,2.275,1660,1186.5,851,995991.958333333,996067.75,1660,0,1186.5,0,851,0,179.115290888381,175,3.10026528295282,0.879428571428571,"sa",996086.125,2.275,1588.5,1154,818,996086.125,999231.5,1588.5,0,1154,0,818,0,204.330191385593,194,3.44769323221875,0.879428571428571,"sa",995568.310185185,2.275,1796.5,1312,925,995568.310185185,997337.833333334,1796.5,0,1312,0,925,0,1577.59935214483,1552,26.0137122787989,0.886285714285714,"uk",965460.152777778,2.275,14456,10767.5,7493.5,965460.152777778,965649.25,14456,0,10767.5,0,7493.5,0
"2020-04-26",443.003642819325,447,7.85204173843769,0.882857142857143,"sa",990119.861111111,2.275,3974,3019.5,2071,990119.861111111,998037.833333333,3974,0,3019.5,0,2071,0,431.674077304789,437,7.55846343429557,0.882857142857143,"sa",990409.875,2.275,3878,2914,2035,990409.875,990522.083333334,3878,0,2914,0,2035,0,415.337529190744,385,7.37782286556841,0.882857142857143,"sa",990859.793209877,2.275,3682.5,2742.5,1913.5,990859.793209877,998175.666666667,3682.5,0,2742.5,0,1913.5,0,471.78779326837,469,8.29973896695152,0.882857142857143,"sa",989408.435185185,2.275,4237,3180,2198.5,989408.435185185,993671.583333333,4237,0,3180,0,2198.5,0,3624.46572541134,3592,64.9722116770828,0.729857142857143,"uk",931713.333333333,2.275,27362.5,17350.5,13780,931713.333333333,932135.333333333,27362.5,0,17350.5,0,13780,0
"2020-05-03",997.889922489046,1052,18.3776090425764,0.673095238095238,"sa",980885.694444444,2.275,7534,4772.5,3790,980885.694444444,996186.166666667,7534,0,4772.5,0,3790,0,975.544857139733,988,17.8164235550407,0.673095238095238,"sa",981374.208333333,2.275,7325,4678.5,3670.5,981374.208333333,981572.083333333,7325,0,4678.5,0,3670.5,0,915.326739854662,924,17.420112670947,0.673095238095238,"sa",982548.376543211,2.275,6842,4328,3447.5,982548.376543211,996493.083333333,6842,0,4328,0,3447.5,0,1063.63043355115,1043,19.305900553234,0.673095238095238,"sa",979632.851851852,2.275,7963.5,5031.5,4005.5,979632.851851852,987800.583333333,7963.5,0,5031.5,0,4005.5,0,5801.93707276152,5741,138.530627326416,0.371357142857143,"uk",909881.893518519,2.275,27806.5,11747.5,13254,909881.893518519,910644.333333333,27806.5,0,11747.5,0,13254,0
"2020-05-10",1712.43912188771,1698,39.1265474917992,0.570476190476191,"sa",968121.611111111,2.275,11071,6452,5522,968121.611111111,993644.5,11071,0,6452,0,5522,0,1669.6461501832,1626,36.9806354851725,0.570476190476191,"sa",968806.875,2.275,10871.5,6402,5439,968806.875,969156,10871.5,0,6402,0,5439,0,1549.44610212473,1535,35.6488068983178,0.570476190476191,"sa",971042.043209878,2.275,10121,5982,5076.5,971042.043209878,994171.333333333,10121,0,5982,0,5076.5,0,1808.8694048288,1904,39.9103074006609,0.570476190476191,"sa",966252.657407408,2.275,11721.5,6841,5855,966252.657407408,979790.083333334,11721.5,0,6841,0,5855,0,4947.5768756861,4893,208.441105823302,0.275571428571428,"uk",898220.393518519,2.275,17469,6477.5,8684,898220.393518519,899138.25,17469,0,6477.5,0,8684,0
"2020-05-17",2439.27003477898,2417,67.6017948963631,0.562023809523809,"sa",950189.902777778,2.275,15502.5,9165,7790,950189.902777778,990065.583333333,15502.5,0,9165,0,7790,0,2409.51047812361,2401,62.9635256539463,0.562023809523809,"sa",950974.791666667,2.275,15373,8990,7741,950974.791666667,951344.5,15373,0,8990,0,7741,0,2251.05222851868,2243,60.7140860990804,0.562023809523809,"sa",954224.979166667,2.275,14474.5,8529,7308,954224.979166667,990831.5,14474.5,0,8529,0,7308,0,2585.8302637792,2558,67.9011153147773,0.562023809523809,"sa",947307.324074075,2.275,16358.5,9666.5,8226,947307.324074075,968508.666666667,16358.5,0,9666.5,0,8226,0,3006.0544437907,3066,217.447225540813,0.282857142857143,"uk",891394.666666667,2.275,10063.5,3807,5169.5,891394.666666667,892365.5,10063.5,0,3807,0,5169.5,0
"2020-05-24",3452.67704220043,3490,101.419558904875,0.568095238095238,"sa",924345.166666666,2.275,22269,13139,11217,924345.166666666,984953.833333333,22269,0,13139,0,11217,0,3416.38045104707,3433,94.5855543819232,0.568095238095238,"sa",925256.041666667,2.275,21954,13086,11098.5,925256.041666667,925717.25,21954,0,13086,0,11098.5,0,3222.40268935509,3288,92.6681094107301,0.568095238095238,"sa",929763.479166667,2.275,20867.5,12453.5,10543.5,929763.479166667,986038.583333333,20867.5,0,12453.5,0,10543.5,0,3632.88029593126,3670,103.205088061181,0.568095238095238,"sa",920298.490740741,2.275,23280.5,13916,11740,920298.490740741,952353.5,23280.5,0,13916,0,11740,0,1746.99192454417,1742,178.426175620778,0.276642857142857,"uk",887929.666666667,2.275,5830.5,2180,3008.5,887929.666666667,888990.666666667,5830.5,0,2180,0,3008.5,0
"2020-05-31",4983.01572876703,5000,147.805439421041,0.583452380952381,"sa",885933.666666666,2.275,32541,19491.5,16493.5,885933.666666666,977332.333333333,32541,0,19491.5,0,16493.5,0,4929.73608234871,4895,136.566354256036,0.583452380952381,"sa",887323.375,2.275,32168,19331,16225.5,887323.375,888080.583333333,32168,0,19331,0,16225.5,0,4703.32297631839,4665,135.990911768485,0.583452380952381,"sa",893110.8125,2.275,30933.5,18648,15659,893110.8125,978769.916666667,30933.5,0,18648,0,15659,0,5216.12505331621,5178,150.410489104183,0.583452380952381,"sa",880443.935185186,2.275,34087.5,20287,17225.5,880443.935185186,928728.416666667,34087.5,0,20287,0,17225.5,0,1015.29230476864,1038,121.635100670268,0.325285714285714,"uk",885917.916666667,2.275,3597.5,1423.5,1860.5,885917.916666667,886979.25,3597.5,0,1423.5,0,1860.5,0
"2020-06-07",7315.81977534403,7317,213.338502394889,0.6,"sa",830346.416666666,2.275,47666,28136,23992.5,830346.416666666,966308.75,47666,0,28136,0,23992.5,0,7228.44519027619,7158,198.574694683964,0.6,"sa",832405.291666667,2.275,47097,27905,23655,832405.291666667,833373.666666667,47097,0,27905,0,23655,0,6978.33262060138,6903,198.842073615184,0.6,"sa",839212.479166667,2.275,45781.5,27311,23108.5,839212.479166667,968082.583333333,45781.5,0,27311,0,23108.5,0,7628.43258503832,7656,217.553817336706,0.6,"sa",823275.740740741,2.275,49314.5,29017.5,24791.5,823275.740740741,894671.416666667,49314.5,0,29017.5,0,24791.5,0,638.228766237943,644,71.4570786957106,0.327642857142857,"uk",885001.666666667,2.275,2278,895,1161.5,885001.666666667,886044.083333333,2278,0,895,0,1161.5,0
"2020-06-14",9920.18843780355,9851,302.451880519966,0.366833333333333,"sa",791795.916666666,2.275,47236,20541.5,22646.5,791795.916666666,958609.083333333,47236,0,20541.5,0,22646.5,0,9809.97649062865,9815,283.158976719557,0.366833333333333,"sa",793972.875,2.275,46888,20492.5,22652,793972.875,795431.333333333,46888,0,20492.5,0,22652,0,9560.41383454582,9639,288.569497051886,0.366833333333333,"sa",801254,2.275,45975.5,20139.5,22223.5,801254,960575.333333334,45975.5,0,20139.5,0,22223.5,0,10241.6681267353,10148,309.951900227507,0.366833333333333,"sa",783923.740740741,2.275,48467,21089.5,23322.5,783923.740740741,871228,48467,0,21089.5,0,23322.5,0,406.343599979478,399,42.3228966092758,0.342857142857143,"uk",884697.916666667,2.275,1441.5,574.5,737.5,884697.916666667,885756.833333333,1441.5,0,574.5,0,737.5,0
"2020-06-21",8726.64859960634,8673,378.488279188425,0.358333333333333,"sa",761781.166666666,2.275,36102,15751.5,18037,761781.166666666,952619.5,36102,0,15751.5,0,18037,0,8682.76975700901,8502,358.065762266936,0.358333333333333,"sa",763925.625,2.275,36099,15759.5,18023.5,763925.625,765654.916666667,36099,0,15759.5,0,18023.5,0,8547.43106153228,8668,364.692045130367,0.358333333333333,"sa",771213.083333333,2.275,35673.5,15604,17802.5,771213.083333333,954597.166666667,35673.5,0,15604,0,17802.5,0,8941.38100781332,9003,390.071445013347,0.358333333333333,"sa",753611.157407408,2.275,36950,15973.5,18443,753611.157407408,853295.833333333,36950,0,15973.5,0,18443,0,258.034160131919,289,25.9432664332323,0.369857142857143,"uk",884778.583333333,2.275,971,393,495,884778.583333333,885828.916666666,971,0,393,0,495,0
"2020-06-28",6734.62491687689,6777,381.255011846391,0.368333333333333,"sa",738634.666666666,2.275,28043.5,12133,14111.5,738634.666666666,948028.416666667,28043.5,0,12133,0,14111.5,0,6737.1855940295,6702,366.717316293047,0.368333333333333,"sa",740795.375,2.275,27729,12159,13957.5,740795.375,742687.416666667,27729,0,12159,0,13957.5,0,6661.15045091261,6600,374.194260976383,0.368333333333333,"sa",747816.666666667,2.275,27332,12028,13758,747816.666666667,949991.5,27332,0,12028,0,13758,0,6854.94819192688,6910,392.709326657926,0.368333333333333,"sa",730664.324074075,2.275,28133.5,12171,14172.5,730664.324074075,839628.083333333,28133.5,0,12171,0,14172.5,0,175.222698905329,169,16.4591285643661,0.407785714285714,"uk",885043.083333333,2.275,680.5,288,349.5,885043.083333333,886091.666666666,680.5,0,288,0,349.5,0
"2020-07-05",5197.82844631032,5188,335.529133252362,0.37,"sa",721265.5,2.275,21368.5,9435,10735.5,721265.5,944592.333333333,21368.5,0,9435,0,10735.5,0,5186.88364927506,5215,336.435828022644,0.37,"sa",723362.375,2.275,21421,9459,10771.5,723362.375,725433.25,21421,0,9459,0,10771.5,0,5132.84277051872,5074,340.549942539232,0.37,"sa",729998.166666667,2.275,21385.5,9429.5,10715,729998.166666667,946485.916666668,21385.5,0,9429.5,0,10715,0,5196.06687746265,5248,346.996875098784,0.37,"sa",713716.490740741,2.275,21410.5,9377,10789,713716.490740741,829500.833333333,21410.5,0,9377,0,10789,0,125.772851979899,144,10.9378070967204,0.430071428571429,"uk",885460.833333333,2.275,509,219.5,256,885460.833333333,886477.25,509,0,219.5,0,256,0
"2020-07-12",3894.32439382419,3820,282.219497605803,0.270095238095238,"sa",713198.916666666,2.275,14112.5,5284.5,7028,713198.916666666,943024.916666666,14112.5,0,5284.5,0,7028,0,3906.61284328165,3893,271.513456062988,0.270095238095238,"sa",715237.208333333,2.275,14084.5,5260.5,7031,715237.208333333,717451.666666667,14084.5,0,5260.5,0,7031,0,3892.2491062042,3791,276.713421524228,0.270095238095238,"sa",721676.972222222,2.275,14193,5341.5,7049.5,721676.972222222,944821.250000001,14193,0,5341.5,0,7049.5,0,3897.86143319349,3942,278.452556725626,0.270095238095238,"sa",705940.75,2.275,13982.5,5186,6976.5,705940.75,824890.416666667,13982.5,0,5186,0,6976.5,0,94.4256426705828,84,7.46628408353533,0.459214285714285,"uk",885974.083333333,2.275,393,177,198,885974.083333333,886987.083333334,393,0,177,0,198,0
"2020-07-19",2421.79543768178,2484,214.047350150341,0.263619047619048,"sa",709370.083333333,2.275,8115.5,3080.5,4181.5,709370.083333333,942275.833333333,8115.5,0,3080.5,0,4181.5,0,2420.55962627209,2422,211.554700078084,0.263619047619048,"sa",711327.541666666,2.275,8113,3063,4180.5,711327.541666666,713681.083333334,8113,0,3063,0,4180.5,0,2463.00572524455,2461,213.573422567701,0.263619047619048,"sa",717769.055555555,2.275,8257.5,3147.5,4212.5,717769.055555555,944004.000000001,8257.5,0,3147.5,0,4212.5,0,2402.79614199158,2346,209.249989587274,0.263619047619048,"sa",702316.611111112,2.275,7911.5,2969,4069.5,702316.611111112,822820.166666667,7911.5,0,2969,0,4069.5,0,74.3848539971202,78,5.44266521008723,0.467785714285715,"uk",886540.25,2.275,319.5,146,161.5,886540.25,887540.916666667,319.5,0,146,0,161.5,0
"2020-07-26",1397.40717130263,1365,152.143664965681,0.250857142857143,"sa",708351.5,2.275,4586.5,1698,2370,708351.5,942088.5,4586.5,0,1698,0,2370,0,1402.93598095219,1435,150.626395272912,0.250857142857143,"sa",710205.708333333,2.275,4645,1714.5,2381,710205.708333333,712632.166666667,4645,0,1714.5,0,2381,0,1436.88417764093,1432,148.946955792056,0.250857142857143,"sa",716602.555555555,2.275,4792.5,1749.5,2468.5,716602.555555555,943767.583333334,4792.5,0,1749.5,0,2468.5,0,1361.89139598565,1312,147.651739921248,0.250857142857143,"sa",701418.111111112,2.275,4429.5,1625.5,2295,701418.111111112,822313.916666667,4429.5,0,1625.5,0,2295,0,61.4785450838775,67,4.19068104181579,0.511714285714286,"uk",887124.5,2.275,278.5,130,139,887124.5,888106.833333334,278.5,0,130,0,139,0
"2020-08-02",791.046826048195,819,97.6774087949716,0.270285714285714,"sa",708642.666666666,2.275,2653,1006,1379.5,708642.666666666,942142.166666666,2653,0,1006,0,1379.5,0,799.873981183778,814,94.4281620546967,0.270285714285714,"sa",710427.958333333,2.275,2674.5,1022.5,1400,710427.958333333,712870.166666667,2674.5,0,1022.5,0,1400,0,824.856225532405,817,96.4332535976005,0.270285714285714,"sa",716760.055555556,2.275,2741.5,1048,1430,716760.055555556,943784.000000001,2741.5,0,1048,0,1430,0,758.372380336633,735,100.507178888374,0.270285714285714,"sa",701773.027777779,2.275,2498,932.5,1312.5,701773.027777779,822579.083333333,2498,0,932.5,0,1312.5,0,54.1842242875968,62,3.32089584723192,0.5295,"uk",887751.5,2.275,254,118,126.5,887751.5,888706.666666667,254,0,118,0,126.5,0
"2020-08-09",463.180427187427,473,59.3327289930465,0.288,"sa",709660.75,2.275,1588.5,615,820.5,709660.75,942349.916666666,1588.5,0,615,0,820.5,0,468.10332365764,477,58.0213286826674,0.288,"sa",711388.375,2.275,1620,630,839.5,711388.375,713875.666666667,1620,0,630,0,839.5,0,478.935556307627,468,58.2201279794419,0.288,"sa",717692.805555556,2.275,1684,645.5,868,717692.805555556,943963.666666667,1684,0,645.5,0,868,0,435.352008728938,431,61.4540779395795,0.288,"sa",702877,2.275,1466.5,563.5,763,702877,823281.5,1466.5,0,563.5,0,763,0,49.1496963650659,47,2.8877388088506,0.542571428571429,"uk",888392.25,2.275,233,112.5,119,888392.25,889328.083333334,233,0,112.5,0,119,0
"2020-08-16",276.210279126571,285,34.3595141232131,0.274285714285714,"sa",711228.583333333,2.275,919,346,467,711228.583333333,942652.5,919,0,346,0,467,0,282.48534130735,276,33.2350845735434,0.274285714285714,"sa",712894.791666667,2.275,951.5,359.5,491.5,712894.791666667,715382.083333334,951.5,0,359.5,0,491.5,0,292.63267164455,268,33.8143221894245,0.274285714285714,"sa",719156.638888889,2.275,987.5,370,514.5,719156.638888889,944262.083333334,987.5,0,370,0,514.5,0,255.962687775841,234,35.3251114984172,0.274285714285714,"sa",704524.333333334,2.275,870,324,446.5,704524.333333334,824259.5,870,0,324,0,446.5,0,46.1517026003579,42,2.55585156934232,0.591642857142857,"uk",889013.5,2.275,233,119,116,889013.5,889951.750000001,233,0,119,0,116,0
"2020-08-23",163.191146037646,145,19.5537013603345,0.259809523809524,"sa",743174.706234203,2.275,590,213.5,301,713005.499999999,942562.216666667,515.5,78,182.5,31,263.5,39,168.882439887769,162,19.097467453913,0.259809523809524,"sa",714647.501049282,2.42931559707555,614.5,227.5,318.5,714644.041666667,714669.541666667,532,83.5,189.5,36,276.5,42,177.551230279953,186,19.8178073466416,0.259809523809524,"sa",754407.154135338,2.44605263157895,660,257,336.5,720834.055555556,944095.161111111,565,100,211,49,285,50,157.389688718197,183,20.2399167231053,0.259809523809524,"sa",723086.275951963,2.3559644112478,568,202.5,290,706369.833333334,823797.683333334,488,81,168.5,33,253,40,55.6875954495482,63,2.44684288179351,0.689285714285714,"uk",889362.266898416,2.70469293163384,428.5,266.5,222.5,889365.666666667,889356.666666667,268.5,163,148.5,114,135,86
"2020-08-30",99.8053206455093,120,11.6276274110919,0.265428571428572,"sa",750716.882026143,2.275,331.5,123.5,171.5,714956.416666666,942929.383333333,279.5,52,100.5,21,145.5,26,105.548531234202,105,11.6525488346187,0.265428571428572,"sa",716569.51170412,2.47310393258427,356.5,131.5,186.5,716567.625,716578.458333333,294,62,105,27,153.5,31,114.617953492341,112,11.7476150384279,0.265428571428572,"sa",774693.071051231,2.54200598802395,416.5,163,217,722649.138888889,944366.911111111,319.5,98,114.5,48,165.5,49.5,95.3933936053033,91,11.9243684321171,0.265428571428572,"sa",729891.961994751,2.37979330708661,321,119.5,164,708410.083333334,824999.766666667,259,58.5,92.5,24,138,29,98.4365874333972,90,3.03932612770652,0.701428571428571,"uk",889430.272873393,2.84712537091988,699.5,442,359.5,889447.583333333,889413.166666667,335,339,190.5,237.5,171.5,174.5
"2020-09-06",61.9376882864711,72,7.06898232766465,0.622928571428571,"sa",761396.400089868,2.275,339,194,178.5,716769.083333332,943236.063888889,273,67,153,41.5,149,33,67.4859335149281,67,7.05069893463011,0.622928571428571,"sa",718312.166495668,2.56443228454172,372.5,223.5,199.5,718309.791666667,718319.125,272.5,93,156,65,150,49,82.5496431311608,79,7.42201344220389,0.622928571428571,"sa",815595.969720826,2.74714824120603,506,342.5,270.5,724169.555555556,944434.161111111,291,206.5,168.5,163,154,111,59.6329479028139,48,7.23022284792798,0.622928571428571,"sa",739111.07788162,2.4167445482866,320.5,187.5,170.5,710254.666666667,826041.016666667,241,80,134.5,55,130,42.5,162.774739559859,162,4.49911024066182,0.708809523809524,"uk",888928.757044824,2.9830102934735,1187.5,770,605,888935.5,888924.666666667,431,710.5,243,497.5,218.5,367
"2020-09-13",73.1546626148088,81,4.59759035664662,0.651214285714286,"sa",773030.994148399,2.275,439,246.5,224,718435.583333332,943450.313888889,334,107,177,68,168,54,85.2265694382276,77,4.62610021389384,0.651214285714286,"sa",719883.456758034,2.66635160680529,542.5,320,277,719885.291666667,719879.958333333,347,182,185,125.5,175.5,95,125.332108533034,126,5.33451694230854,0.651214285714286,"sa",859426.394048035,2.9732555089192,977.5,690,501,725057.722222222,943952.327777778,368,585,202.5,483.5,180,310,71.0267310524383,70,4.69620410715792,0.651214285714286,"sa",751304.162584651,2.46950479683973,438.5,259.5,223.5,711961.750000001,827002.6,291.5,151.5,161.5,102,147.5,80,285.208483738321,306,7.22546359673238,0.73047619047619,"uk",887122.715798366,3.11136551155116,2222.5,1525.5,1144,887190.666666667,887098.25,561.5,1559.5,329,1148,290.5,811
"2020-09-20",93.5990396843885,107,3.98944078886862,0.615,"sa",788722.691418373,2.275,535.5,291,269,720031.333333332,943590.480555556,372,165,192.5,101,186.5,82.5,120.141100674296,121,4.09188295951118,0.615,"sa",721257.558298803,2.80211498618785,740.5,428,371,721267.791666667,721245.708333333,388.5,335.5,201,223,192,172,245.984566444929,245,6.22635782051134,0.615,"sa",896375.483795716,3.17325144146403,2037,1464.5,1061.5,724636.805555556,942117.944444444,419.5,1575,218,1206.5,208.5,826,95.2369296638822,100,4.13428592612721,0.615,"sa",764230.991914894,2.52718617021277,598.5,335.5,300,713532.666666667,827871.500000001,327,260.5,169.5,166,164.5,134,554.95578942213,568,12.5359523886092,0.738809523809524,"uk",882481.729760553,3.20812464508802,4499.5,3198,2305.5,882558.430555556,882464.930555555,791,3611.5,455.5,2664,391,1878.5
"2020-09-27",114.232016115017,133,4.33678507624062,0.705964285714286,"sa",806042.726166359,2.275,708,423.5,362.5,721316.319444443,943569.647222222,448,276,257,179.5,224,140,166.538342179149,160,4.78745816918545,0.705964285714286,"sa",722021.828396525,2.95622576475657,1163,759,596.5,722050.375,722002.708333333,465.5,695,265,492.5,228.5,351.5,541.301000088396,524,11.2446108290386,0.705964285714286,"sa",914345.612987603,3.30041625976563,5110.5,4105,2710,719601.555555556,935632.229166666,504.5,4615.5,276.5,3822.5,259.5,2479.5,132.840043563084,139,4.72737168581837,0.705964285714286,"sa",778352.043484536,2.59389822134387,916,579.5,464.5,714700.444444445,828222.077777778,389,496.5,214.5,343,194.5,260,1126.01152831324,1106,24.0824531918804,0.697380952380952,"uk",871431.735464234,3.28109870035698,9137,6329,4717,871430.986111112,871431.833333334,1035.5,7928.5,584,5646.5,519.5,4074
"2020-10-04",163.367527117461,147,5.45936066201277,0.8195,"sa",823575.93658975,2.275,1133,735,581,721902.319444443,943175.219444445,630.5,536,361.5,377,312.5,276.5,285.25807738806,288,6.85276647669404,0.8195,"sa",721248.83459596,3.09836127229744,2320,1674,1202.5,721316.875,721222.875,642.5,1684,373,1281,324.5,871.5,1491.16539316795,1461,26.5255217890977,0.8195,"sa",900426.655307056,3.36496410554909,16779.5,14650.5,9076.5,694629.75,909401.941666667,700,16050.5,410,14192.5,356,8730.5,219.261843537228,238,6.42771552818554,0.8195,"sa",790217.261896408,2.65644736842105,1690,1170,866,714525.768518519,827384.161111112,547.5,1115,325.5,836.5,282,587.5,2291.68228514519,2346,47.5308922404914,0.709285714285714,"uk",845084.377757156,3.33121764924482,19107.5,13451.5,9915.5,845411.921296295,845059.171296296,1346,17490.5,786,12564.5,674.5,9084.5
"2020-10-11",265.724697898313,243,7.83971295058518,0.838619047619047,"sa",842505.441866233,2.275,1949,1283,998.5,721412.73611111,942104.052777778,892,1084.5,523.5,762.5,451,558.5,594.695179380651,551,11.5653089255544,0.838619047619047,"sa",717108.77740777,3.21229554358472,5081,3681,2646.5,717194.541666667,717090.458333333,898.5,4206.5,555,3194.5,465,2205.5,5062.24405092894,5025,77.7055618819163,0.838619047619047,"sa",819785.26094003,3.39302870776814,55829,46140.5,29680,609582.625000001,823446.094444444,951.5,54634.5,521,45776,467,29181.5,418.906975681082,416,10.12627998371,0.838619047619047,"sa",798757.51150412,2.71547191801095,3432.5,2394.5,1754,711696.851851853,824112.077777778,762,2616.5,461.5,1938.5,383.5,1354,4846.10930983468,4819,98.6789472570504,0.710952380952381,"uk",787569.715113479,3.36098887860304,39793.5,27469,20502.5,787829.388888889,787557.398148147,1785.5,37643,985.5,26290,881,19418.5
"2020-10-18",464.75503610318,435,12.4154121360573,0.844119047619047,"sa",859511.86863646,2.275,3417.5,2230,1753,719308.847222223,939448.516666666,1241.5,2177.5,748.5,1505.5,624.5,1129.5,1304.68006816033,1240,23.1099116372795,0.844119047619047,"sa",700789.486023849,3.28024888673339,11138,8045,5784.5,700884.340277777,700777.006944444,1318.5,10022,765.5,7381.5,661.5,5194,15720.9250294364,15695,248.665704228087,0.844119047619047,"sa",614656.313256616,3.4044607505304,148134,105103.5,76260.5,404327.986111111,616153.383333334,1046,146956,476.5,104396.5,506,75657,858.532153920822,876,18.6796111738276,0.844119047619047,"sa",799136.542328999,2.75547157529293,6951,4874.5,3554,703765.935185186,816659.258333333,1073,5840,631.5,4229.5,541,3019,9951.692219776,9948,202.589634004689,0.740952380952381,"uk",688609.224364491,3.38081101430569,79430,52896,40599.5,689416.101851852,688586.101851853,2201.5,76823,1185.5,51434.5,1100,39307
"2020-10-25",812.258627829101,813,20.749765035231,0.866904761904762,"sa",869483.530738883,2.275,5981.5,3969,3087.5,714067.555555557,933522.575,1788.5,4340.5,1047.5,3027,899,2224,2852.88304597719,2900,49.8815712415704,0.866904761904762,"sa",666220.51278475,3.32830036303224,24258.5,17355,12554,666349.069444445,666210.23611111,1804.5,22573.5,1054,16413.5,913.5,11717,36422.249220901,36373,698.618274528424,0.866904761904762,"sa",343042.044937786,3.40919846302075,250341,130116,121928.5,135151.895833334,343647.19212963,726,249407.5,233.5,129716.5,347,121480,1738.3359057568,1700,37.2361962775014,0.866904761904762,"sa",785430.19445565,2.78475832193342,14210.5,10043,7319.5,687363.125,796778.986111112,1478.5,12776,857,9198,734.5,6628.5,19258.4704810315,18913,410.032595420079,0.794285714285714,"uk",510949.491236078,3.3926293724136,143399.5,87691,72179.5,512700.935185184,510918.351851851,2499,140557,1216.5,86360,1222.5,70847
"2020-11-01",1419.64946328199,1374,36.0072729067757,0.814523809523809,"sa",873435.75109483,2.275,10203,6424.5,5130.5,703960.416666667,923054.208333333,2318.5,7919,1296,5125.5,1166.5,4031,6032.51896182558,6026,108.544423500646,0.814523809523809,"sa",614675.778700412,3.35772724109131,46735.5,30312.5,23636.5,614911.361111111,614663.861111111,2248.5,44447.5,1187.5,29124,1115.5,22518,49657.0717459138,49277,1436.7900279484,0.814523809523809,"sa",189572.948901761,3.41119650763873,211712,77805.5,100735.5,3952.91666666667,189785.9,242.5,211376.5,44.5,77752.5,127.5,100451.5,3508.36310937303,3433,76.8207343082746,0.814523809523809,"sa",756247.334534266,2.80457054476078,26816.5,17600.5,13651,648973.131944444,764183.85,1859.5,25134,1014.5,16683.5,935,12846,31905.4966106483,31987,781.886244026873,0.763809523809524,"uk",333386.857514358,3.39945936859232,180961.5,84400.5,87850.5,336486.740740741,333350.907407407,2071.5,178620,805.5,83752.5,1001,86530
"2020-11-08",2397.4346603881,2378,61.4690505845386,0.889690476190476,"sa",864719.603342533,2.275,17558,11531,8974.5,680846.583333332,903480.916666667,3028,14364,1746.5,9655.5,1522.5,7387,11125.9663787074,10925,220.423792809694,0.889690476190476,"sa",515601.641560054,3.3763294647497,80764.5,48914,40841,516362.083333334,515576.666666667,2570,78252,1215.5,47289.5,1264.5,39603.5,36031.2569872342,36179,1916.67767030903,0.889690476190476,"sa",126346.291165729,3.41209928732081,110690.5,35662,55606.5,1100.16666666667,126390.427777778,39,110670,6,35652,28.5,55601.5,6460.5827943521,6367,152.418984379427,0.889690476190476,"sa",696631.513497998,2.81786235731351,49220,32475.5,25223,587175.690972222,701851.166666668,2229,46742,1179.5,30956,1104,23843.5,34052.8277350624,34107,1246.94782693973,0.754047619047619,"uk",218567.71115087,3.40340765995866,147639.5,58180,71708,222211.930555556,218538.347222222,1177.5,146134,397.5,57773.5,585,70903
"2020-11-15",4156.17531432672,4209,102.889547189356,0.882357142857143,"sa",841324.972326425,2.275,29491.5,18437,14948,642369.815972223,871302.5625,3783,25107,2053,15942.5,1868.5,12686.5,17770.0705088351,17737,395.071729726871,0.882357142857143,"sa",404587.975780802,3.38763586548566,99826.5,52835.5,49342,406272.009259259,404550.342592592,2184,97731,959,51783.5,1095.5,48167.5,17911.8451111988,18115,1746.2689508227,0.882357142857143,"sa",108381.103054067,3.41236422184604,46087,13840,24556,1092.66666666667,108393.911111111,5.5,46071.5,1,13839,6,24542.5,11616.8251578305,11565,286.434285624786,0.882357142857143,"sa",608158.549000248,2.82736356193138,80264,47811,40272.5,497041.083333332,611454.963888888,2278.5,76805,1089,46359,1134.5,38537,26014.024148154,26031,1406.47655673507,0.749047619047619,"uk",163702.891196415,3.40548058179637,86855,30294.5,43485.5,168138.86111111,163675.347222222,535,86162,165.5,30087,273,43121
"2020-11-22",6737.71603375349,6626,173.321553820574,0.871095238095238,"sa",801880.767590396,2.275,44466,26378.5,22376.5,591757.958333332,824348.025,4195.5,39238,2106,23598.5,2073,19766,20033.9269330371,19946,624.911696575013,0.871095238095238,"sa",308842.988813599,3.3950641472418,97211,45234,47834.5,311672.361111111,308798.944444444,1484.5,95363,542,44746,742,46946.5,7264.54554244278,7443,1233.38936925397,0.871095238095238,"sa",106360.223887576,3.41243520549116,17554.5,5199.5,9794.5,1550.08333333333,106366.194444445,1,17554.5,1,5199.5,2,9793.5,17652.9337415014,17795,481.846620809377,0.871095238095238,"sa",502993.722361239,2.8325470698743,102376.5,53207,50616,394316.523148148,505177.4,2010.5,100058.5,860.5,52269.5,986.5,49377,14526.9544999181,14598,1276.07761005075,0.74452380952381,"uk",142623.878436836,3.40693538524256,42988.5,14364,22345.5,148797.708333334,142593.527777779,210,42717.5,64.5,14290,116.5,22194
"2020-11-29",9848.24625461038,9945,280.103447813612,0.890214285714285,"sa",744210.034619613,2.275,61128,34552.5,30617.5,525453.583333333,760810.658333333,4228.5,55721.5,2054.5,32179.5,2102,28001,18355.8695440674,18712,813.655886086219,0.890214285714285,"sa",246482.576366889,3.40139313897901,79080,32124,39139.5,249758.111111111,246450.277777778,769,77987.5,273,31921,404,38595,2773.21360817513,2807,705.480406791658,0.890214285714285,"sa",109657.991975309,3.4125,6673.5,1982,3815,5769.58333333333,109657.991975309,0,6673.5,0,1981.5,1,3814,20816.7212914294,20523,711.677064825702,0.890214285714285,"sa",409653.641621097,2.83591369533006,100517.5,47693.5,49587,298144.523148148,411211.491666667,1385.5,99172.5,521.5,47126.5,681.5,48802.5,7090.84826908309,6945,925.552606198137,0.725714285714286,"uk",137107.158755143,3.40777311187323,20010,6490.5,10649,142919.972222221,137082.902777779,83,19890.5,24,6466,46,10596.5
"2020-12-06",13108.7863683582,13197,417.521990820126,0.906976190476191,"sa",670824.55629185,2.275,75401.5,40432.5,37489.5,449596.111111112,682953.879629629,3914,71388,1768.5,38426,1939,35432,13994.1771260305,13842,817.272116554466,0.906976190476191,"sa",213674.134203119,3.40388431740532,51875,19849.5,26045.5,217529.708333334,213644.708333334,393.5,51559,127,19738.5,202.5,25881,1057.04064489601,1060,323.971910872668,0.906976190476191,"sa",115031.954475309,3.4125,2592,795,1483,11984.0277777778,115031.954475309,0,2592,0,795,1,1483,19439.7519019519,19394,896.588198394682,0.906976190476191,"sa",338406.616148836,2.83886766670001,85250.5,37067.5,42016.5,229508.722222222,339349.525,729.5,84251,239,36926.5,376.5,41661,3258.87860715627,3235,553.730063473832,0.697857142857143,"uk",138377.88522536,3.40865904102651,8887,2923.5,4834.5,143964.157407407,138358.958333332,30,8854.5,9,2913,17,4813.5
"2020-12-13",15616.8686220028,15568,553.823927378156,0.930547619047619,"sa",592904.734661728,2.275,82605.5,41552.5,40961,366769.981481482,601861.546296296,3122.5,78834.5,1352,40011.5,1557,39126.5,9034.6292621044,8872,676.33848217649,0.930547619047619,"sa",198808.736872846,3.40576065370294,30191,11048.5,15431.5,202896.291666667,198784.375000001,179,30033.5,57.5,10990,94,15347.5,413.400075944224,393,128.67903434995,0.930547619047619,"sa",121249.166666667,3.4125,1052,326,596.5,18904.0416666667,121249.166666667,0,1051,0,326,0,596,15644.3219489276,15585,941.515365106457,0.930547619047619,"sa",292925.605887037,2.84078621677957,61516,24598,30753.5,186816.555555555,293481.441666668,320,61088,100,24466,173,30528.5,1456.81360944068,1395,296.081499472307,0.679047619047619,"uk",142598.017099854,3.40939284827415,4026,1325.5,2207.5,148253.027777778,142582.527777778,11,4016,3.5,1322,6,2202
"2020-12-20",16374.1689839071,16319,696.827282561521,0.889690476190476,"sa",528142.697178244,2.275,76677,35681,37865,301315.564814815,534404.086111111,2070,74988.5,734,34738,1034.5,37007.5,5147.33477296757,5119,526.882602785407,0.889690476190476,"sa",194401.725240007,3.40708703968649,16071.5,5668.5,8353.5,198570.708333334,194381.791666668,76.5,15999.5,24.5,5645,42.5,8311.5,168.422264693039,133,49.4560816679975,0.889690476190476,"sa",127699.583333333,3.4125,424,133,240,26206.4444444445,127699.583333333,0,424,0,133,0,240,10870.7644483103,10879,773.250750579652,0.889690476190476,"sa",270467.068895844,2.84185176573796,37837.5,14315.5,19102.5,165315.972222222,270819.191666667,126.5,37775.5,35,14294,68.5,19052,655.278978649182,613,143.263758762818,0.562619047619048,"uk",148198.290982287,3.41052173913044,1725.5,531.5,934.5,153855.518518519,148188.435185185,3,1722,1,530,3,931.5
"2020-12-27",14632.0334154814,14683,759.038169883146,0.882880952380953,"sa",479597.571581791,2.275,62862,27560,31313,253234.175925926,483482.570833333,1062,61878.5,331.5,27045.5,554,30777,2709.77531648874,2784,345.719964024827,0.882880952380953,"sa",195141.746917795,3.40801322895807,8244.5,2878,4290,199360.208333334,195125.041666668,32.5,8207,10,2867.5,18,4271.5,68.2289120368819,76,19.0411367537074,0.882880952380953,"sa",134228.5625,3.4125,173,53,97,33575.0972222222,134228.5625,0,173,0,53,0,97,6554.84517830913,6649,597.488667859067,0.882880952380953,"sa",260836.4872315,2.84255408200581,21849,8062,11200.5,156411.824074075,261056.525,46,21830.5,13,8043.5,26,11188.5,276.913268639591,264,64.5792545128035,0.570952380952381,"uk",154336.281269397,3.41091131284916,716,237.5,398,159919.750000001,154328.472222222,1,715,1,237,1,396.5
"2021-01-03",11719.4167223288,11810,731.175651496088,0.944952380952381,"sa",442992.496971954,2.275,48916.5,21154,24549.5,216726.083333334,445126.443518519,454.5,48191.5,141.5,20969,245,24160,1393.40734661586,1403,208.059984896672,0.944952380952381,"sa",198315.175576821,3.40884998854,4363,1589,2294.5,202472.791666667,198301.791666668,14,4349,4,1586,8,2286.5,27.8916628386431,36,7.60820219095068,0.944952380952381,"sa",140808,3.4125,73,24,42.5,40954.3333333333,140808,0,73,0,24,0,42.5,3768.07357573066,3793,413.751997991844,0.944952380952381,"sa",257598.146829454,2.84298467368504,12638.5,4778,6513.5,153713.759259259,257738.125,17,12616.5,5,4769.5,11,6499.5,117.784942747706,95,28.6869603710881,0.588095238095238,"uk",160593.990740741,3.4125,334,108,182.5,166146.666666668,160593.990740741,0,333.5,1,108,1,181.5
"2021-01-10",9065.18432323571,8973,642.072688013597,1,"sa",415855.756913957,2.275,37226,15988.5,18636,191487.833333332,417025.083333333,192.5,36936.5,60,15894.5,107.5,18499.5,749.8415391629,727,117.704556796408,1,"sa",202598.334133806,3.40973963599596,2470.5,933.5,1285,206726.625,202588.291666668,6,2466.5,2,932,3.5,1283,12.1383227130847,18,3.10194849433607,1,"sa",147321.025,3.4125,34,11,19,48285.474537037,147321.025,0,34,0,11,0,19,2203.37626312895,2146,262.861605409183,1,"sa",257943.72102736,2.84322198275862,7543,2898,3892,154782.185185186,258039.583333333,7,7533,2,2894.5,4,3885.5,54.7761472068413,75,12.5517793147748,0.655714285714286,"uk",166878.990740741,3.4125,158,54,89.5,172418.958333334,166878.990740741,0,158,0,53.5,1,88.5
"2021-01-17",6839.16798101253,6746,505.626791199114,0.964857142857143,"sa",399552.949532775,2.275,26859,11145.5,13483.5,175102.249999999,400198.887037037,77,26756,23.5,11125.5,43.5,13437,428.419044028748,412,63.779364062742,0.964857142857143,"sa",207634.49557173,3.41090406874781,1424,537,738.5,211575.625,207628.958333334,2,1423.5,1,536,2,737,5.66200578967514,3,1.28784613585026,0.964857142857143,"sa",153821.191666666,3.4125,15.5,6,9,55464.8356481481,153821.191666666,0,15.5,0,6,0,9,1318.81223905456,1330,160.092987629371,0.964857142857143,"sa",260059.343717358,2.84349739062847,4504.5,1714,2295.5,157497.421296296,260104.916666667,2,4501,1,1711,2,2293.5,26.5211254640724,24,5.42735656830804,0.703095238095238,"uk",173212.541666667,3.4125,81.5,30,44.5,178721.583333334,173212.541666667,0,81,0,29.5,0,44
"2021-01-24",4847.30231609221,4780,390.179858882792,0.939714285714286,"sa",389592.257105564,2.275,18226,7418,9212.5,166927.064814815,389941.079861111,28.5,18192.5,9,7414.5,16,9180.5,244.167673861644,233,34.5681426999132,0.939714285714286,"sa",213126.228172143,3.41108958462492,806.5,304.5,430.5,216901.208333334,213121.541666667,1,805.5,1,303.5,1,428,2.58355283176282,2,0.548284107732743,0.939714285714286,"sa",160300.525,3.4125,8,2.5,4,62695.9444444445,160300.525,0,8,0,2.5,0,4,780.933633326104,815,93.0872391321138,0.939714285714286,"sa",263738.864014901,2.84353103946102,2599.5,998,1342,161776.078703703,263778.133333334,1,2596.5,1,996.5,1,1340,14.0460219965401,13,2.41303299000746,0.693809523809524,"uk",179502.513888889,3.4125,44,15.5,23,184964.958333334,179502.513888889,0,43,0,15.5,0,23
"2021-01-31",3237.81200298032,3269,287.443892778527,0.810857142857143,"sa",386476.884826257,2.275,11241.5,4222.5,5683,163888.659722224,386674.96111111,10,11237.5,3,4219,6,5673,139.363604803402,122,19.4501833815878,0.810857142857143,"sa",218845.958333334,3.4125,443,161.5,238,222543.041666667,218845.958333334,0,442.5,0.5,160.5,1,237,1.22014661726245,1,0.251193091788082,0.810857142857143,"sa",166646.045833333,3.4125,3,1,2,69888.2777777778,166646.045833333,0,3,0,1,0,2,447.349173860989,456,54.370260648117,0.810857142857143,"sa",268539.300000001,2.84375,1444.5,514.5,748,167118.875,268539.300000001,0,1443.5,0,513.5,1,746,7.31236260430062,9,1.1506747086775,0.506190476190476,"uk",185752.625,3.4125,22,7,11,191161.708333334,185752.625,0,21,0,7,0,11
"2021-02-07",1923.58194365941,1911,202.314795123724,0.682,"sa",387214.912484844,2.275,6050,2138,3103.5,165567.680555556,387324.911111112,3,6045,1,2136,2,3102.5,73.7890179101332,55,10.9174240266546,0.682,"sa",224634.375,3.4125,217.5,73.5,118.5,228282.791666667,224634.375,0,217,0,73,1,118,0.410333755053585,0,0.114910853935451,0.682,"sa",173013.108333333,3.4125,1,1,1,77023.2777777778,173013.108333333,0,1,0,1,0,1,241.807513993587,249,32.7127858609813,0.682,"sa",273715.466666667,2.84375,713.5,238,372,172944.403549383,273715.466666667,0,712.5,0,238,0,371.5,3.53090034618766,5,0.568433936965692,0.393809523809524,"uk",192026.319444445,3.4125,9,3,5,197358.541666668,192026.319444445,0,9,0,2.5,0,5
"2021-02-14",1028.30688378736,1095,131.79542657753,0.786761904761905,"sa",389447.783466875,2.275,3390.5,1290.5,1760,168659.972222222,389512.922222221,1,3389.5,1,1290.5,1,1759,36.5905519148804,36,5.93438807689265,0.786761904761905,"sa",230476.125,3.4125,114,40.5,60,234068.541666667,230476.125,0,114,0,39.5,0,60,0.160033310575254,1,0.0528783246342182,0.786761904761905,"sa",NA,NA,0,1,1,84095.6944444445,179362.408333333,0,0,0,1,0,1,119.377331404006,119,18.6331881392775,0.786761904761905,"sa",279025.061111112,2.84375,366,134.5,193.5,179082.306327161,279025.061111112,0,365.5,0,134,0,193,1.48471721257654,0,0.279558709802561,0.465238095238095,"uk",198198.819444445,3.4125,4,1,3,203483.041666667,198198.819444445,0,4,0,1,0,2
"2021-02-21",590.531131872026,577,79.6815145489479,0.716309523809524,"sa",392581.4125,2.275,1941,710.5,1004,173930.555555555,392581.4125,0,1941,0,710.5,1,1002.5,19.5177751246886,15,3.12763895117468,0.716309523809524,"sa",236338.041666667,3.4125,59.5,21.5,29,239863.125,236338.041666667,0,59,0,21,0,28.5,0.0445435286745485,0,0.0218027482810564,0.716309523809524,"sa",NA,NA,0,0,1,91108.6805555556,185639.516666666,0,0,0,0,0,1,62.1149734342581,61,10.0437576162308,0.716309523809524,"sa",284419.361111111,2.84375,189,65,100,185168.476851853,284419.361111111,0,188.5,0,65,0,100,0.495070022836473,1,0.134743595415127,0.448095238095238,"uk",204343.777777779,3.4125,1,1,2,209556.125,204343.777777779,0,1,0,1,0,1
